{
  "confidence_level": 0.9,
  "calibration_cells": [
    "b1c11",
    "b1c15",
    "b1c19",
    "b1c38",
    "b1c42",
    "b2c0",
    "b2c11",
    "b2c13",
    "b2c2",
    "b2c21",
    "b2c29",
    "b2c35",
    "b2c41",
    "b2c45"
  ],
  "n_calibration": 14,
  "methods": {
    "split": {
      "primary_test": {
        "picp": 0.9523809523809523,
        "mpiw_cycles": 762.7113195801167,
        "mpiw_relative": 1.0423826436615378,
        "n": 42,
        "rmse_cycles": 176.82012810654544,
        "mae_cycles": 81.91757380411684,
        "mape_pct": 10.46481148884082
      },
      "secondary_test": {
        "picp": 1.0,
        "mpiw_cycles": 1095.9495330832726,
        "mpiw_relative": 1.099366491908071,
        "n": 40,
        "rmse_cycles": 195.80791071848265,
        "mae_cycles": 141.38041728495398,
        "mape_pct": 12.86779031875948
      }
    },
    "cross": {
      "primary_test": {
        "picp": 0.9285714285714286,
        "mpiw_cycles": 339.43978149810107,
        "mpiw_relative": 0.45178053698805054,
        "n": 42,
        "rmse_cycles": 128.1640388698298,
        "mae_cycles": 65.54993405068006,
        "mape_pct": 9.047831551850956
      },
      "secondary_test": {
        "picp": 0.95,
        "mpiw_cycles": 585.2398655125878,
        "mpiw_relative": 0.5753464608681149,
        "n": 40,
        "rmse_cycles": 222.68053172895785,
        "mae_cycles": 152.4686953168282,
        "mape_pct": 12.914491729194571
      }
    }
  },
  "reliability": {
    "nominal": [
      0.5,
      0.55,
      0.6000000000000001,
      0.6500000000000001,
      0.7000000000000002,
      0.7500000000000002,
      0.8000000000000003,
      0.8500000000000003,
      0.9000000000000004,
      0.9500000000000004
    ],
    "empirical": [
      0.3170731707317073,
      0.5,
      0.5609756097560976,
      0.5609756097560976,
      0.6341463414634146,
      0.7926829268292683,
      0.9024390243902439,
      0.9024390243902439,
      0.975609756097561,
      1.0
    ]
  }
}