{
  "benchmark": {
    "source": "Severson et al., Nature Energy 4, 383-391 (2019), Table 1; doi:10.1038/s41560-019-0356-8",
    "rmse_cycles": {
      "variance": {
        "train": 103,
        "primary_test": 138,
        "primary_test_excl_outlier": 138,
        "secondary_test": 196
      },
      "discharge": {
        "train": 76,
        "primary_test": 91,
        "primary_test_excl_outlier": 86,
        "secondary_test": 173
      },
      "full": {
        "train": 51,
        "primary_test": 118,
        "primary_test_excl_outlier": 100,
        "secondary_test": 214
      }
    },
    "mape_pct": {
      "variance": {
        "train": 14.1,
        "primary_test": 14.7,
        "primary_test_excl_outlier": 13.2,
        "secondary_test": 11.4
      },
      "discharge": {
        "train": 9.8,
        "primary_test": 13.0,
        "primary_test_excl_outlier": 10.1,
        "secondary_test": 8.6
      },
      "full": {
        "train": 5.6,
        "primary_test": 14.1,
        "primary_test_excl_outlier": 7.5,
        "secondary_test": 10.7
      }
    }
  },
  "models": {
    "elastic_net_variance": {
      "train_cv": {
        "rmse_cycles": 128.38320103221318,
        "mae_cycles": 107.83767369837598,
        "mape_pct": 17.008178671768107,
        "n": 41
      },
      "primary_test": {
        "rmse_cycles": 136.28424023660295,
        "mae_cycles": 109.12671629539578,
        "mape_pct": 15.397345655230124,
        "n": 42
      },
      "secondary_test": {
        "rmse_cycles": 211.45089701624048,
        "mae_cycles": 136.47106076154765,
        "mape_pct": 11.866590646127772,
        "n": 40
      }
    },
    "elastic_net_discharge": {
      "train_cv": {
        "rmse_cycles": 110.14343117893098,
        "mae_cycles": 85.9936429892068,
        "mape_pct": 13.440862302571785,
        "n": 41
      },
      "primary_test": {
        "rmse_cycles": 314.10607722196903,
        "mae_cycles": 114.8743381499706,
        "mape_pct": 14.039949693328296,
        "n": 42
      },
      "secondary_test": {
        "rmse_cycles": 141.20188960172015,
        "mae_cycles": 104.3846864814811,
        "mape_pct": 9.636840655080983,
        "n": 40
      }
    },
    "elastic_net_full": {
      "train_cv": {
        "rmse_cycles": 112.14638474167732,
        "mae_cycles": 79.34859599346083,
        "mape_pct": 12.52119048786696,
        "n": 41
      },
      "primary_test": {
        "rmse_cycles": 137.69219796913177,
        "mae_cycles": 73.45275491503675,
        "mape_pct": 9.268584922386506,
        "n": 42
      },
      "secondary_test": {
        "rmse_cycles": 231.77735891825952,
        "mae_cycles": 158.34186355007097,
        "mape_pct": 13.47866400343741,
        "n": 40
      }
    },
    "lightgbm": {
      "train_cv": {
        "rmse_cycles": 251.4670873530217,
        "mae_cycles": 109.9875291559227,
        "mape_pct": 13.33812718080518,
        "n": 41
      },
      "primary_test": {
        "rmse_cycles": 227.80670505147603,
        "mae_cycles": 104.43147933998446,
        "mape_pct": 10.792095225304973,
        "n": 42
      },
      "secondary_test": {
        "rmse_cycles": 294.0660555332289,
        "mae_cycles": 181.75933797242732,
        "mape_pct": 14.461435402522804,
        "n": 40
      }
    },
    "sequence_cnn": {
      "train_cv": {
        "rmse_cycles": 229.33449270647452,
        "mae_cycles": 108.78902219117442,
        "mape_pct": 12.930980848164209,
        "n": 41
      },
      "primary_test": {
        "rmse_cycles": 245.10247091020437,
        "mae_cycles": 137.26413345424947,
        "mape_pct": 14.934209216011599,
        "n": 42
      },
      "secondary_test": {
        "rmse_cycles": 381.95648456523884,
        "mae_cycles": 292.65407119020017,
        "mape_pct": 25.175638800018866,
        "n": 40
      }
    },
    "ensemble": {
      "train_cv": {
        "rmse_cycles": 181.52566944489226,
        "mae_cycles": 98.97321064963967,
        "mape_pct": 13.567279607491608,
        "n": 41
      },
      "primary_test": {
        "rmse_cycles": 165.4503866604751,
        "mae_cycles": 87.89662587076239,
        "mape_pct": 10.100532167411473,
        "n": 42
      },
      "secondary_test": {
        "rmse_cycles": 257.64563119100455,
        "mae_cycles": 165.47216263527986,
        "mape_pct": 13.331869371135612,
        "n": 40
      }
    }
  },
  "ensemble_weights": {
    "elastic_net_full": 0.7524828879340784,
    "lightgbm": 0.0,
    "sequence_cnn": 0.24751711206592175
  },
  "early_prediction": [
    {
      "horizon_cycles": 20,
      "model": "elastic_net_variance",
      "rmse_cycles": 338.7954525937572,
      "mae_cycles": 191.49770056024357,
      "mape_pct": 23.121783134211903,
      "n": 42
    },
    {
      "horizon_cycles": 20,
      "model": "lightgbm",
      "rmse_cycles": 244.21184831648407,
      "mae_cycles": 134.01495256769715,
      "mape_pct": 15.101148657471168,
      "n": 42
    },
    {
      "horizon_cycles": 30,
      "model": "elastic_net_variance",
      "rmse_cycles": 266.47291866858546,
      "mae_cycles": 169.49465337752932,
      "mape_pct": 20.80777627560465,
      "n": 42
    },
    {
      "horizon_cycles": 30,
      "model": "lightgbm",
      "rmse_cycles": 239.1695336929722,
      "mae_cycles": 126.11225122010687,
      "mape_pct": 13.633129588720319,
      "n": 42
    },
    {
      "horizon_cycles": 40,
      "model": "elastic_net_variance",
      "rmse_cycles": 174.1611596950405,
      "mae_cycles": 127.89716727635638,
      "mape_pct": 17.96637386828656,
      "n": 42
    },
    {
      "horizon_cycles": 40,
      "model": "lightgbm",
      "rmse_cycles": 237.89587850941044,
      "mae_cycles": 119.55218877517034,
      "mape_pct": 12.911841091911041,
      "n": 42
    },
    {
      "horizon_cycles": 50,
      "model": "elastic_net_variance",
      "rmse_cycles": 154.19894577995683,
      "mae_cycles": 108.7774448149127,
      "mape_pct": 14.295024637257702,
      "n": 42
    },
    {
      "horizon_cycles": 50,
      "model": "lightgbm",
      "rmse_cycles": 237.35563270565922,
      "mae_cycles": 111.89617021812448,
      "mape_pct": 11.494103094196294,
      "n": 42
    },
    {
      "horizon_cycles": 60,
      "model": "elastic_net_variance",
      "rmse_cycles": 203.46163494998345,
      "mae_cycles": 140.25333579626073,
      "mape_pct": 17.871115218766764,
      "n": 42
    },
    {
      "horizon_cycles": 60,
      "model": "lightgbm",
      "rmse_cycles": 228.01957105491527,
      "mae_cycles": 119.54641553090546,
      "mape_pct": 12.809706347229966,
      "n": 42
    },
    {
      "horizon_cycles": 70,
      "model": "elastic_net_variance",
      "rmse_cycles": 137.54517565802738,
      "mae_cycles": 110.16783075317012,
      "mape_pct": 15.676319109088114,
      "n": 42
    },
    {
      "horizon_cycles": 70,
      "model": "lightgbm",
      "rmse_cycles": 249.83717102560703,
      "mae_cycles": 127.67524288187438,
      "mape_pct": 13.758135839085545,
      "n": 42
    },
    {
      "horizon_cycles": 80,
      "model": "elastic_net_variance",
      "rmse_cycles": 186.2097793214241,
      "mae_cycles": 130.43294759547044,
      "mape_pct": 17.073775517072526,
      "n": 42
    },
    {
      "horizon_cycles": 80,
      "model": "lightgbm",
      "rmse_cycles": 208.61190832452735,
      "mae_cycles": 112.55686935859815,
      "mape_pct": 12.745755833371582,
      "n": 42
    },
    {
      "horizon_cycles": 90,
      "model": "elastic_net_variance",
      "rmse_cycles": 159.03084000624676,
      "mae_cycles": 115.03484799619662,
      "mape_pct": 15.57306733408452,
      "n": 42
    },
    {
      "horizon_cycles": 90,
      "model": "lightgbm",
      "rmse_cycles": 221.2212376065912,
      "mae_cycles": 107.5572846226243,
      "mape_pct": 11.513551694616247,
      "n": 42
    },
    {
      "horizon_cycles": 100,
      "model": "elastic_net_variance",
      "rmse_cycles": 136.28424023660295,