{
  "base_value_log10_cycles": 2.7986163074916837,
  "global_importance": {
    "dq_min": 0.043527724401625605,
    "ir_cycle2": 0.03505052825573063,
    "dq_var": 0.03351467658769114,
    "dq_mean": 0.016609673992014167,
    "avg_charge_time_2_6": 0.010918961027435215,
    "temp_integral_2_h": 0.010542254278822577,
    "charge_time_min": 0.008458407018367059,
    "ir_diff_h_2": 0.008071847867398852,
    "qd_cycle2": 0.00642376468869754,
    "ir_min_2_h": 0.006353154148815475,
    "q1_pct": 0.0055588912297519,
    "dq_kurt": 0.004756890768241849,
    "rate_w4": 0.004545745458165567,
    "rate_w1": 0.004311329375002958,
    "fade_intercept_2_h": 0.0038840291997438627,
    "fade_slope_2_h": 0.0026887080860184785,
    "dq_skew": 0.0024674014481153223,
    "rate_w3": 0.002426415202151208,
    "rate_w2": 0.0020346936844008296,
    "fade_slope_last10": 0.0016968321225030657,
    "c1": 0.0013276909617678655,
    "fade_intercept_last10": 0.000993603264688255,
    "qd_max_minus_2": 0.0009255713199921832,
    "c2": 0.0
  },
  "model": "lightgbm component of the stacked ensemble",
  "explainer": "shap.TreeExplainer (exact TreeSHAP)"
}